Country,"D01T02: Agriculture, hunting, forestry",D03: Fishing and aquaculture,"D05T06: Mining and quarrying, energy producing products","D07T08: Mining and quarrying, non-energy producing products",D09: Mining support service activities,"D10T12: Food products, beverages and tobacco","D13T15: Textiles, textile products, leather and footwear",D16: Wood and products of wood and cork,D17T18: Paper products and printing,D19: Coke and refined petroleum products,D20: Chemical and chemical products,"D21: Pharmaceuticals, medicinal chemical and botanical products",D22: Rubber and plastics products,D23: Other non-metallic mineral products,D24: Basic metals,D25: Fabricated metal products,"D26: Computer, electronic and optical equipment",D27: Electrical equipment,"D28: Machinery and equipment, nec","D29: Motor vehicles, trailers and semi-trailers",D30: Other transport equipment,D31T33: Manufacturing nec; repair and installation of machinery and equipment,"D35: Electricity, gas, steam and air conditioning supply","D36T39: Water supply; sewerage, waste management and remediation activities",D41T43: Construction,D45T47: Wholesale and retail trade; repair of motor vehicles,D49: Land transport and transport via pipelines,D50: Water transport,D51: Air transport,D52: Warehousing and support activities for transportation,D53: Postal and courier activities,D55T56: Accommodation and food service activities,"D58T60: Publishing, audiovisual and broadcasting activities",D61: Telecommunications,D62T63: IT and other information services,D64T66: Financial and insurance activities,D68: Real estate activities,"D69T75: Professional, scientific and technical activities",D77T82: Administrative and support services,D84: Public administration and defence; compulsory social security,D85: Education,D86T88: Human health and social work activities,"D90T93: Arts, entertainment and recreation",D94T96: Other service activities,D97T98: Activities of households as employers; undifferentiated goods- and services-producing activities of households for own use
Australia,72.4671232876712,7.8441095890411,200.242739726027,152.091780821918,15.0621917808219,50.5167123287671,4.55506849315069,9.56630136986301,10.0835616438356,9.99178082191781,10.0290410958904,8.32767123287671,8.92164383561644,13.572602739726,12.6712328767123,20.5230136986301,10.9284931506849,4.54602739726027,10.0967123287671,6.86794520547945,8.85534246575342,17.4890410958904,57.9120547945205,38.6019178082192,289.025753424657,297.886575342466,51.7753424657534,25.1490410958904,19.8950684931507,68.793698630137,12.6024657534247,88.3079452054795,23.1517808219178,40.6402739726027,80.0756164383562,335.129863013699,411.068767123288,193.903561643836,148.971232876712,199.576712328767,180.454794520548,270.556438356164,51.478904109589,48.2747945205479,0
Austria,14.212602739726,0.0923287671232877,2.06328767123288,1.80054794520548,0.0608219178082192,20.8849315068493,3.12301369863014,8.55972602739726,9.60630136986302,3.39561643835616,8.70191780821918,7.3613698630137,8.50575342465753,8.83424657534247,15.3693150684932,21.3128767123288,12.5994520547945,17.8912328767123,31.1457534246575,13.5,3.87534246575342,16.5983561643836,20.1112328767123,11.4547945205479,74.5890410958904,129.580821917808,31.2643835616438,0.168219178082192,2.70328767123288,24.4504109589041,4.68931506849315,59.1446575342466,8.04958904109589,9.34246575342466,22.2375342465753,45.0975342465753,110.102739726027,59.4567123287671,49.9531506849315,55.5454794520548,59.1627397260274,77.7838356164384,13.7383561643836,16.4578082191781,0.561369863013699
Belgium,7.29068493150685,0.138904109589041,0,0.812054794520548,0.00438356164383562,26.7868493150685,4.43753424657534,3.16575342465753,6.39671232876712,4.53397260273973,29.5246575342466,25.2742465753425,7.53315068493151,8.65013698630137,10.6030136986301,13.0449315068493,5.29013698630137,3.63342465753425,12.593698630137,7.60712328767123,2.87397260273973,10.7638356164384,17.5052054794521,13.1227397260274,69.726301369863,155.679178082192,27.0556164383562,2.81315068493151,1.66575342465753,35.2956164383562,6.66712328767123,25.2479452054795,10.153698630137,17.2290410958904,30.2038356164384,82.4947945205479,123.24602739726,136.194520547945,68.5386301369863,99.7805479452055,91.3509589041096,93.0978082191781,9.52246575342466,16.4008219178082,1.56575342465753
Canada,82.2493150684931,6.87287671232877,147.699726027397,52.6123287671233,30.6545205479452,75.8082191780822,5.41013698630137,24.5,29.28,24.8523287671233,34.0452054794521,11.6567123287671,23.5219178082192,17.3517808219178,27.4517808219178,33.6328767123288,14.3978082191781,8.94575342465753,34.7254794520548,41.3328767123288,27.6528767123288,37.0890410958904,89.1109589041096,23.0569863013699,333.213150684932,475.429863013699,110.773698630137,3.93643835616438,22.6956164383562,48.1449315068493,18.3980821917808,101.308219178082,42.6709589041096,79.667397260274,84.227397260274,317.436438356164,538.91095890411,194.060547945205,138.467671232877,315.090410958904,240.174520547945,326.809589041096,34.3750684931507,49.8764383561644,7.4213698630137
Chile,24.3109589041096,4.88164383561644,0.414246575342466,42.0728767123288,0.232876712328767,32.4690410958904,1.34876712328767,3.81150684931507,9.30739726027397,0.917808219178082,4.93287671232877,1.85671232876712,2.48931506849315,2.36575342465753,38.6542465753425,4.84657534246575,2.16438356164384,0.486027397260274,2.53972602739726,0,2.77945205479452,3.69808219178082,18.3723287671233,5.57424657534247,54.2482191780822,78.3991780821918,18.8479452054795,0.974794520547945,3.9572602739726,14.2221917808219,1.02027397260274,18.3898630136986,4.55452054794521,5.68630136986301,8.3758904109589,38.5695890410959,67.5739726027397,52.4865753424657,28.7728767123288,39.521095890411,42.9424657534247,40.1879452054795,7.41150684931507,9.01917808219178,0
Colombia,55.118904109589,1.76575342465753,48.1350684931507,5.13287671232877,0.186027397260274,28.9569863013699,9.63095890410959,0.958356164383562,4.55561643835616,12.0167123287671,9.31972602739726,3.84575342465753,2.74082191780822,11.0241095890411,3.5441095890411,2.64219178082192,0.052054794520548,1.90082191780822,0.465205479452055,1.70986301369863,0.581369863013699,7.95041095890411,20.9002739726027,9.26931506849315,60.2268493150685,80.2030136986301,31.0254794520548,0.296986301369863,4.50931506849315,8.25753424657534,0.997260273972603,35.3904109589041,2.2613698630137,15.7005479452055,8.25972602739726,39.4298630136986,80.3131506849315,28.6813698630137,33.8457534246575,56.0476712328767,43.7495890410959,36.3783561643836,8.8254794520548,6.93013698630137,5.67315068493151
Costa Rica,7.08054794520548,0.0964383561643836,0.00794520547945205,0.494794520547945,5.47945205479452e-4,7.58328767123288,0.482739726027397,0.236164383561644,0.85013698630137,0.499178082191781,1.03835616438356,0.356438356164383,0.304109589041096,0.920547945205479,0.237534246575342,0.49013698630137,0.167671232876712,0.535068493150685,0.0356164383561644,0.0564383561643836,0.0073972602739726,5.97890410958904,3.27452054794521,1.17698630136986,7.62465753424658,15.2175342465753,3.51178082191781,0.613698630136986,0.584657534246575,2.20191780821918,0.544383561643836,5.53753424657534,0.561369863013699,2.69671232876712,4.52739726027397,9.14575342465753,13.3427397260274,11.2580821917808,7.83397260273973,7.11698630136986,12.4942465753425,10.3723287671233,1.48876712328767,2.21452054794521,2.01780821917808
Czechia,13.1232876712329,0.0720547945205479,2.80438356164384,1.07452054794521,0.204383561643836,13.527397260274,3.3758904109589,3.93753424657534,4.53452054794521,0.281369863013699,5.35917808219178,2.52630136986301,11.5120547945205,6.93780821917808,5.09068493150685,17.4775342465753,9.07013698630137,12.0630136986301,13.6556164383562,31.5367123287671,3.0227397260274,10.866301369863,16.9616438356164,6.3186301369863,33.8972602739726,68.7783561643836,18.1295890410959,0.0405479452054795,0.485479452054794,13.6054794520548,2.10986301369863,12.7542465753425,6.73808219178082,7.96054794520548,18.5621917808219,24.1342465753425,52.7438356164384,30.5553424657534,11.1764383561644,38.1282191780822,27.2852054794521,28.2364383561644,5.93506849315069,6.53506849315069,0.676712328767123
Denmark,8.56657534246575,1.30602739726027,8.15287671232877,0.367945205479452,0.927945205479452,14.8235616438356,1.40849315068493,1.8413698630137,2.25616438356164,2.57616438356164,8.68520547945206,31.0912328767123,3.81698630136986,4.4213698630137,1.51205479452055,7.55561643835617,7.82054794520548,3.5786301369863,18.9884931506849,1.32027397260274,0.737808219178082,12.846301369863,10.3791780821918,7.13013698630137,51.56,107.772328767123,14.4950684931507,10.6402739726027,2.34931506849315,11.0268493150685,2.42904109589041,14.2676712328767,11.9095890410959,7.8172602739726,18.8243835616438,47.5049315068493,85.6778082191781,55.266301369863,27.4731506849315,40.5493150684932,51.0202739726027,85.3846575342466,12.9676712328767,12.5528767123288,2.11890410958904
Estonia,2.10219178082192,0.12958904109589,0.571780821917808,0.22986301369863,0.00410958904109589,1.30082191780822,0.598356164383562,1.81506849315069,0.498630136986301,0.255068493150685,0.403561643835617,0.0547945205479452,0.430958904109589,0.70794520547945206,0.0468493150684932,1.38054794520548,0.478082191780822,0.714520547945206,0.495890410958904,0.384657534246575,0.101095890410959,1.42630136986301,2.56876712328767,0.482191780821918,5.30191780821918,8.52986301369863,2.12301369863014,0.387123287671233,0.0112328767123288,2.63917808219178,0.217808219178082,1.43890410958904,0.561369863013699,1.07835616438356,2.90547945205479,2.9227397260274,7.76520547945206,3.90958904109589,2.6841095890411,4.95479452054795,3.58493150684931,3.04958904109589,1.10547945205479,0.613424657534247,0.0435616438356164
Finland,17.6493150684932,0.388219178082192,0.492054794520548,2.53068493150685,0.183561643835616,8.87808219178082,1.32,4.48438356164384,13.087397260274,2.37479452054795,7.95287671232877,5.0441095890411,3.47178082191781,3.81780821917808,5.62958904109589,9.04,11.113698630137,5.67835616438356,17.6654794520548,2.38465753424658,1.42684931506849,7.23780821917808,13.4432876712329,5.96301369863014,48.4608219178082,58.487397260274,15.4945205479452,2.0772602739726,2.79232876712329,7.90109589041096,2.32630136986301,11.8482191780822,10.8775342465753,7.51260273972603,20.0079452054795,20.9753424657534,83.601095890411,34.027397260274,24.4471232876712,36.7419178082192,32.9241095890411,60.9561643835616,8.12109589041096,10.3728767123288,1.14219178082192
France,121.558904109589,2.43479452054795,0.615068493150685,5.14904109589041,0.375342465753425,134.624657534247,15.3484931506849,10.7208219178082,28.1586301369863,16.2490410958904,62.1778082191781,39.9052054794521,34.3915068493151,25.9098630136986,21.74,64.88,40.4561643835616,21.3150684931507,37.778904109589,40.0194520547945,49.3671232876712,93.866301369863,116.309589041096,50.8961643835616,381.419726027397,702.304109589041,149.854794520548,5.72027397260274,21.9887671232877,99.7479452054795,28.0238356164384,200.279452054795,83.0375342465753,80.9871232876712,199.67095890411,261.951232876712,876.804383561644,553.098630136986,398.361369863014,530.272328767123,365.301917808219,623.005205479452,95.0978082191781,91.4928767123288,9.66109589041096
Germany,71.9698630136986,0.875068493150685,6.25424657534247,7.45260273972603,0.36,152.991232876712,26.0961643835616,22.4260273972603,59.3693150684932,14.6709589041096,152.44602739726,82.8432876712329,98.6895890410959,60.2704109589041,74.0630136986301,189.252054794521,141.373424657534,148.687671232877,346.145479452055,450.849863013699,48.7865753424658,131.825753424658,191.942739726027,109.115616438356,484.351506849315,983.060273972603,166.967397260274,24.6750684931507,23.846301369863,170.006301369863,54.1643835616438,159.972328767123,101.298630136986,86.8597260273973,286.87397260274,377.975342465753,1037.65260273973,634.492054794521,513.86301369863,605.731506849315,447.127397260274,757.064109589041,133.647671232877,218.525205479452,24.1602739726027
Greece,20.0150684931507,1.94547945205479,0.297260273972603,2.01506849315068,0.0610958904109589,16.7279452054795,1.70219178082192,0.315342465753425,2.07150684931507,2.56082191780822,3.1372602739726,2.60849315068493,1.90849315068493,2.63671232876712,3.60684931506849,3.32,0.804109589041096,1.04493150684932,1.20438356164384,0.158904109589041,1.02630136986301,2.34958904109589,15.6386301369863,6.60602739726027,7.58054794520548,65.1068493150685,9.18520547945206,14.8038356164384,2.23205479452055,9.66904109589041,1.61479452054795,37.2583561643836,2.35616438356164,9.93890410958904,4.33123287671233,27.8186301369863,85.5876712328767,17.3027397260274,9.24356164383562,53.5512328767123,28.7756164383562,22.3528767123288,8.26547945205479,7.47945205479452,2.01452054794521
Hungary,15.313698630137,0.0578082191780822,0.206301369863014,0.404109589041096,0.420547945205479,7.84054794520548,1.68575342465753,0.994794520547945,2.40547945205479,2.80876712328767,4.74712328767123,4.74712328767123,5.5786301369863,2.79452054794521,2.50054794520548,5.87287671232877,7.55205479452055,3.8641095890411,5.80602739726027,15.8531506849315,0.632876712328767,4.94767123287671,5.56904109589041,3.16739726027397,19.4413698630137,40.292602739726,11.2282191780822,0.0375342465753425,2.07561643835616,7.11671232876712,1.70164383561644,7.00301369863014,3.58657534246575,4.93671232876712,9.61945205479452,12.9591780821918,28.7197260273973,22.7923287671233,14.7706849315069,29.3484931506849,16.3594520547945,16.6443835616438,5.35972602739726,5.19342465753425,0.124931506849315
Iceland,0.605205479452055,2.18739726027397,0.00410958904109589,0.076986301369863,2.73972602739726e-4,2.76931506849315,0.0756164383561644,0.0454794520547945,0.145205479452055,0.010958904109589,0.118904109589041,-0.0115068493150685,0.0879452054794521,0.333972602739726,0.816438356164383,0.489315068493151,0.0301369863013699,0.0531506849315069,0.52027397260274,0.0136986301369863,0.0126027397260274,0.752328767123288,2.25506849315068,0.527123287671233,5.03780821917808,5.82164383561644,0.781917808219178,0.501917808219178,1.72082191780822,1.25671232876712,0.187123287671233,2.43945205479452,0.297260273972603,0.809315068493151,1.76520547945205,3.7827397260274,7.38164383561644,2.77095890410959,2.85287671232877,3.47671232876712,3.8909589041095902,5.38191780821918,0.912876712328767,0.962465753424658,0.0345205479452055
Ireland,8.76164383561644,0.498630136986301,0.0923287671232877,1.85945205479452,0.0443835616438356,29.571780821917802,0.485205479452055,1.11671232876712,1.69671232876712,31.8813698630137,40.5295890410959,119.534246575342,3.2413698630137,4.31671232876712,0.978356164383562,3.2172602739726,35.6449315068493,1.40383561643836,11.92,0.613424657534247,0.578904109589041,55.7271232876712,9.7745205479452,3.97178082191781,25.4657534246575,76.9361643835616,7.97671232876712,0.192602739726027,4.63424657534247,4.33479452054795,2.60301369863014,17.5372602739726,58.6608219178082,9.97068493150685,56.2879452054794,59.2506849315068,63.626301369863,45.2958904109589,62.6849315068493,31.8906849315068,26.2857534246575,46.1205479452055,7.88328767123288,5.19890410958904,0.303013698630137
Israel,10.9301369863014,0.671780821917808,0.724931506849315,7.37643835616438,0.401095890410959,12.8493150684932,2.08712328767123,0.575342465753425,3.42219178082192,9.68,11.1408219178082,9.05068493150685,5.25287671232877,3.27698630136986,1.62630136986301,9.48958904109589,26.5767123287671,1.5358904109589,5.33808219178082,1.05342465753425,4.35589041095891,5.85698630136986,14.4419178082192,1.71479452054795,59.3027397260274,88.4745205479452,14.7104109589041,2.86246575342466,8.5013698630137,2.40328767123288,1.81616438356164,18.4123287671233,5.40356164383562,16.426301369863,62.8112328767123,44.3008219178082,140.219726027397,67.0846575342466,34.5994520547945,54.2145205479452,61.4430136986301,56.5991780821918,16.3230136986301,9.23890410958904,2.51068493150685
Italy,109.305479452055,3.05315068493151,9.35890410958904,4.01315068493151,0.648493150684932,94.6175342465753,83.6232876712329,15.1969863013699,32.3575342465753,9.85780821917808,39.8791780821918,30.2734246575342,41.2169863013699,31.5134246575342,30.538904109589,107.935890410959,27.12,37.0758904109589,126.341643835616,49.2934246575342,25.2838356164384,74.9945205479452,81.08,52.687397260274,218.336712328767,614.709589041096,146.697534246575,12.0520547945205,7.94109589041096,107.782739726027,10.3194520547945,201.830136986301,29.0701369863014,56.692602739726,102.909589041096,250.011232876712,694.177534246575,327.099726027397,168.806575342466,335.73698630137,210.586301369863,304.99095890411,58.4339726027397,92.4791780821918,58.5821917808219
Japan,117.83397260274,18.2246575342466,2.3958904109589,4.97945205479452,1.60849315068493,311.916438356164,36.2958904109589,22.7512328767123,113.80904109589,56.4219178082192,167.243835616438,102.919452054795,131.93095890411,72.7972602739726,230.463287671233,132.197260273973,212.701095890411,176.606301369863,408.129589041096,302.959452054794,49.6131506849315,187.961369863014,179.840273972603,201.194520547945,698.873698630137,1704.52164383562,435.287945205479,29.5402739726027,18.4857534246575,180.072876712329,27.7668493150685,329.36301369863,115.911506849315,229.351232876712,290.737260273973,531.83397260274,1525.07671232877,593.456438356164,458.59095890411,642.66301369863,447.729589041096,1000.09534246575,120.453150684932,166.156712328767,0
South Korea,74.318904109589,8.20904109589041,0.746027397260274,4.51479452054795,0.0375342465753425,58.1465753424658,39.6109589041096,5.58246575342466,31.9021917808219,36.9871232876712,100.735890410959,21.4249315068493,64.8243835616438,32.606301369863,73.4208219178082,90.0772602739726,369.373698630137,72.9539726027397,110.172328767123,93.8876712328767,27.4953424657534,29.6290410958904,58.754794520548,28.7605479452055,257.225753424657,339.608493150685,67.64,6.99150684931507,14.7345205479452,46.1386301369863,8.70301369863014,109.562191780822,71.833698630137,46.1895890410959,79.9843835616438,259.382739726027,344.034520547945,266.355068493151,153.365205479452,285.954246575342,225.741643835616,201.97095890411,45.7232876712329,52.3424657534247,5.51315068493151
Latvia,3.2386301369863,0.107671232876712,0.00328767123287671,0.397534246575342,8.21917808219178e-4,1.85698630136986,0.465479452054795,2.39835616438356,0.391232876712329,0.00301369863013699,0.307671232876712,0.277260273972603,0.248493150684931,0.701643835616438,0.00876712328767123,0.841369863013699,0.356164383561644,0.322739726027397,0.332876712328767,0.258082191780822,0.106027397260274,0.845753424657534,2.01013698630137,0.724109589041096,5.46082191780822,11.3542465753425,3.13698630136986,0.163835616438356,0.494794520547945,3.20630136986301,0.269315068493151,1.57835616438356,0.458904109589041,1.38630136986301,2.80356164383562,3.06164383561644,10.0668493150685,3.77232876712329,2.57780821917808,6.21890410958904,3.87205479452055,3.05808219178082,1.56027397260274,0.732054794520548,0.147397260273973
Lithuania,4.16054794520548,0.0967123287671233,0.203561643835616,0.124931506849315,0.066027397260274,5.23260273972603,1.83945205479452,1.68794520547945,1.14054794520548,1.02054794520548,1.94493150684932,0.277808219178082,1.5,0.871780821917808,0.073972602739726,1.42246575342466,0.698904109589041,0.461095890410959,0.754794520547945,0.516438356164384,0.322191780821918,4.42493150684931,2.29780821917808,1.32712328767123,9.16219178082192,23.6027397260274,10.9339726027397,0.302739726027397,0.222191780821918,4.24904109589041,0.308767123287671,2.35534246575342,0.648493150684932,1.50876712328767,2.78602739726027,2.98191780821918,8.62821917808219,5.21205479452055,4.26821917808219,7.61260273972603,5.86520547945206,5.56657534246575,1.54547945205479,1.25945205479452,0.125753424657534
Luxembourg,0.439178082191781,0,0,0.0915068493150685,0.027945205479452,0.907671232876712,0.761095890410959,0.109041095890411,0.246027397260274,0,0.411780821917808,0.0975342465753425,1.25917808219178,0.755342465753425,2.40465753424658,0.870958904109589,0.242465753424658,0.0961643835616438,1.34219178082192,0.125205479452055,0.00657534246575342,0.309315068493151,1.41095890410959,0.856986301369863,10.4276712328767,16.7816438356164,4.49643835616438,0.281643835616438,2.06958904109589,0.853424657534247,0.551232876712329,2.93287671232877,1.38849315068493,4.25506849315068,6.94547945205479,45.8939726027397,12.8216438356164,14.5457534246575,7.37315068493151,10.4778082191781,7.50027397260274,10.5961643835616,1.11342465753425,1.38109589041096,0.479452054794521
Mexico,109.675342465753,3.55972602739726,90.1665753424658,34.3430136986301,11.7005479452055,148.204383561644,22.846301369863,4.64739726027397,13.7742465753425,22.326301369863,29.5375342465753,10.3509589041096,17.0298630136986,15.1334246575342,36.9805479452055,19.9243835616438,49.9254794520548,18.9106849315068,25.3175342465753,118.159726027397,9.14082191780822,19.5690410958904,55.8476712328767,12.2501369863014,249.124657534247,638.148767123288,172.919452054795,2.64986301369863,7.03534246575343,26.1260273972603,4.30794520547945,76.1693150684931,12.2194520547945,40.2920547945205,3.60767123287671,135.704109589041,313.303561643836,78.0643835616438,121.874246575342,124.374246575342,122.858356164384,73.4624657534247,13.8115068493151,29.6298630136986,14.2457534246575
Netherlands,40.2090410958904,1.1158904109589,18.5687671232877,1.37150684931507,3.24109589041096,52.4682191780822,3.78438356164384,3.5386301369863,10.7323287671233,3.88465753424658,38.8635616438356,8.45835616438356,9.85890410958904,6.89287671232877,7.86328767123288,24.2432876712329,14.6591780821918,9.48712328767123,38.8860273972603,9.55178082191781,4.39890410958904,29.2471232876712,26.1709589041096,14.338904109589,105.266301369863,307.880547945205,39.6364383561644,8.89835616438356,12.4175342465753,39.161095890411,6.58246575342466,47.6421917808219,17.0041095890411,24.2432876712329,70.5687671232877,150.265753424658,164.077534246575,181.466575342466,160.985205479452,156.479452054795,109.74602739726,203.720547945205,24.9452054794521,25.2104109589041,2.34821917808219
New Zealand,27.2723287671233,4.87013698630137,2.47753424657534,2.69479452054794,0.239178082191781,20.6427397260274,1.24575342465753,2.97369863013699,2.91972602739726,4.12301369863014,2.09972602739726,0.571780821917808,2.72876712328767,2.2227397260274,1.62767123287671,4.53835616438356,1.65342465753425,1.6884931506849301,3.82328767123288,1.05643835616438,1.45178082191781,1.45890410958904,11.7624657534247,4.15315068493151,37.9580821917808,53.1597260273973,9.55095890410959,0.855068493150685,4.44082191780822,8.28657534246575,1.75671232876712,12.6731506849315,3.68739726027397,3.3413698630137,6.06328767123288,32.2758904109589,74.5961643835616,45.24,17.9808219178082,22.5079452054795,24.226301369863,33.9295890410959,7.40054794520548,10.5021917808219,0
Norway,6.74794520547945,15.6531506849315,194.408219178082,1.86684931506849,9.76958904109589,14.3860273972603,1.24904109589041,3.05972602739726,2.30821917808219,1.2786301369863,4.95753424657534,2.89616438356164,1.27616438356164,3.36849315068493,5.0172602739726,5.75123287671233,3.02383561643836,2.25068493150685,5.34328767123288,0.866575342465753,5.47342465753425,7.6613698630137,28.4243835616438,7.34575342465753,69.2334246575342,81.1104109589041,19.0986301369863,11.4994520547945,2.59150684931507,9.10684931506849,3.24547945205479,15.1668493150685,10.7350684931507,10.8027397260274,20.7087671232877,51.4334246575343,79.5295890410959,47.1112328767123,29.418904109589,69.7764383561644,55.772602739726,116.121643835616,9.59780821917808,10.7652054794521,0.0819178082191781
Poland,37.3805479452055,0.252602739726027,13.9347945205479,7.86794520547945,2.81095890410959,44.393698630137,8.3586301369863,10.0038356164384,14.4704109589041,8.36465753424658,11.8139726027397,6.47506849315069,20.9969863013699,16.1482191780822,7.65616438356164,31.4797260273973,6.60191780821918,11.0257534246575,13.1164383561644,22.4991780821918,5.42602739726027,30.3684931506849,39.0775342465753,18.6287671232877,107.733150684932,250.275342465753,61.7846575342466,0.556986301369863,2.21041095890411,30.0268493150685,4.42767123287671,18.6153424657534,11.6994520547945,16.1734246575342,32.2178082191781,58.6539726027397,68.8747945205479,83.3027397260274,37.0309589041096,77.0808219178082,64.5424657534247,62.8586301369863,10.8164383561644,19.0931506849315,1.89561643835616
Portugal,12.4304109589041,1.10794520547945,0,1.93479452054795,0.0536986301369863,13.7112328767123,13.8682191780822,3.32109589041096,4.91452054794521,1.75643835616438,2.61178082191781,1.91561643835616,4.09095890410959,4.86821917808219,1.56958904109589,7.98191780821918,1.74027397260274,2.05150684931507,2.92657534246575,5.64575342465753,0.615068493150685,6.62849315068493,14.9791780821918,5.43561643835616,24.0802739726027,79.0523287671233,11.1890410958904,0.417534246575343,3.31698630136986,11.421095890411,1.61369863013699,34.5213698630137,3.33095890410959,7.54054794520548,9.18465753424658,27.9635616438356,71.5616438356164,21.8580821917808,22.713698630137,39.7476712328767,32.8671232876712,36.6052054794521,5.31041095890411,7.68383561643836,3.58876712328767
Slovakia,6.83095890410959,0.0147945205479452,0.188767123287671,0.392054794520548,0.491780821917808,3.50739726027397,2.15917808219178,2.29808219178082,1.75232876712329,1.06,1.76849315068493,0.226301369863014,4.52958904109589,2.13561643835616,3.65506849315068,8.06246575342466,1.89178082191781,3.31890410958904,4.95287671232877,11.6394520547945,0.353424657534247,3.69780821917808,6.37178082191781,2.26767123287671,20.5860273972603,30.1550684931507,9.90246575342466,0.0410958904109589,0.0978082191780822,5.43452054794521,0.998082191780822,4.02219178082192,1.68027397260274,3.68164383561644,6.86465753424658,8.09917808219178,25.5183561643836,17.101095890411,9.27205479452055,18.0232876712329,9.63698630136986,9.88493150684931,2.16712328767123,3.07095890410959,0.137260273972603
Slovenia,3.31260273972603,0.0147945205479452,0.256438356164384,0.202191780821918,0.00410958904109589,2.04328767123288,0.895342465753425,0.942739726027397,1.10054794520548,0.00328767123287671,1.25534246575342,3.40520547945205,2.24657534246575,1.1172602739726,1.55178082191781,4.32794520547945,0.953698630136986,2.97616438356164,2.18767123287671,2.43972602739726,0.101643835616438,2.56493150684931,2.86246575342466,1.11205479452055,7.39506849315068,15.6879452054795,4.30849315068493,0.0821917808219178,0.0827397260273973,3.23780821917808,0.61013698630137,3.18109589041096,0.84054794520548,1.47260273972603,2.6772602739726,4.89698630136986,9.67041095890411,9.01780821917808,4.21643835616438,7.32520547945205,6.75232876712329,6.67150684931507,1.71780821917808,1.35972602739726,0.0986301369863014
Spain,104.167123287671,4.77397260273973,3.22739726027397,5.42958904109589,0.346301369863014,83.2339726027397,29.7161643835616,6.7054794520548,20.2268493150685,11.1586301369863,30.4098630136986,21.6819178082192,19.5819178082192,18.6679452054795,22.1484931506849,37.7309589041096,5.77205479452055,15.2161643835616,23.1791780821918,39.9284931506849,15.041095890411,37.261095890411,72.587397260274,40.1942465753425,219.515616438356,457.063835616438,77.6821917808219,2.48246575342466,9.94958904109589,63.9698630136986,7.83972602739726,219.551232876712,28.1734246575342,45.9890410958904,57.0342465753425,141.937260273973,407.691506849315,164.014520547945,152.055342465753,216.838630136986,183.025753424658,233.441917808219,69.8098630136986,67.1295890410959,32.4613698630137
Sweden,20.8158904109589,0.406027397260274,0.218082191780822,8.47616438356164,0.0736986301369863,15.172602739726,1.56438356164384,7.7641095890411,16.761095890411,2.22575342465753,9.13835616438356,11.3405479452055,5.48438356164384,4.84602739726027,10.9106849315069,17.9567123287671,7.70767123287671,7.11890410958904,28.9635616438356,34.5857534246575,7.08547945205479,9.93534246575343,28.6356164383562,8.65452054794521,90.6339726027397,140.727671232877,31.8180821917808,2.49424657534247,2.33095890410959,28.2079452054794,5.11506849315069,24.2271232876712,28.5038356164384,18.7742465753425,55.0632876712329,53.6830136986301,116.553424657534,108.63589041095899,50.1317808219178,65.7024657534247,76.4021917808219,146.244931506849,17.6635616438356,20.8060273972603,0.771780821917808
Switzerland,12.4630136986301,0.0983561643835616,0.865205479452055,1.28821917808219,0.0545205479452055,35.8383561643836,3.21150684931507,8.57287671232877,6.73780821917808,11.5361643835616,9.26082191780822,101.992876712329,7.80712328767123,6.57671232876712,4.66958904109589,25.0684931506849,58.114794520548,12.9906849315069,33.5947945205479,1.87808219178082,5.55835616438356,18.1424657534247,24.7460273972603,5.51972602739726,99.1693150684932,267.705753424658,33.2164383561644,19.2953424657534,6.3654794520548,13.0282191780822,7.66493150684932,32.0095890410959,9.21561643835616,22.3408219178082,45.2145205479452,177.153150684932,140.18301369863,140.509863013699,53.792602739726,196.581369863014,11.038904109589,150.572602739726,20.1246575342466,26.5572602739726,6.63698630136986
Turkey,119.03397260274,2.89753424657534,5.5786301369863,14.9528767123288,0.857534246575342,52.8295890410959,74.5145205479452,5.0827397260274,14.1687671232877,8.88082191780822,23.4008219178082,4.78712328767123,19.5860273972603,24.8512328767123,40.958904109589,29.9797260273973,7.4813698630137,13.3983561643836,18.713698630137,24.4734246575342,9.41972602739726,29.3980821917808,28.3843835616438,18.6153424657534,150.340273972603,258.584109589041,108.483561643836,11.8616438356164,15.2076712328767,37.3567123287671,5.2241095890411,65.3065753424658,9.28712328767123,19.1230136986301,23.8597260273973,62.9465753424658,141.86904109589,47.2284931506849,62.8084931506849,101.343561643836,87.7049315068493,51.6915068493151,18.9950684931507,19.9879452054795,1.02082191780822
United Kingdom,42.627397260274,1.91178082191781,66.7923287671233,7.01068493150685,4.51424657534247,109.909589041096,25.221095890411,10.698904109589,35.006301369863,10.5893150684932,41.5090410958904,47.0687671232877,28.9495890410959,20.878904109589,14.7161643835616,58.2939726027397,49.5797260273973,17.5487671232877,58.8093150684932,62.2819178082192,44.7731506849315,66.5219178082192,99.0169863013699,88.9175342465753,450.32301369863,729.350136986301,106.126575342466,25.4002739726027,20.4109589041096,86.2895890410959,44.1882191780822,205.607671232877,118.207123287671,125.327397260274,215.264931506849,472.50301369863,942.655890410959,536.608767123288,368.149315068493,343.037808219178,396.576164383562,525.544383561644,112.256438356164,124.260273972603,21.1931506849315
United States,508.320547945205,11.7065753424658,610.243287671233,99.4906849315069,154.337534246575,654.908219178082,73.2786301369863,110.255342465753,272.438356164384,486.583287671233,566.188767123288,452.348219178082,220.649315068493,182.130136986301,215.05698630137,423.775068493151,813.413698630137,174.528219178082,437.555616438356,411.869863013699,436.504657534247,394.130684931507,774.059452054795,183.536712328767,2319.13808219178,5381.31178082192,833.82794520548,40.5328767123288,318.524931506849,386.706849315068,260.775616438356,1526.57205479452,1249.26301369863,867.472054794521,1609.69780821918,4355.19397260274,6871.95561643836,4294.41260273973,2199.53863013699,4653.82739726027,2993.3301369863,4152.90520547945,582.751232876712,794.047671232877,60.1884931506849
Argentina,81.133698630137,5.3317808219178104,41.7052054794521,9.33260273972603,3.33616438356164,55.632602739726,10.7624657534247,2.74794520547945,12.0441095890411,4.90520547945206,15.9156164383562,8.00328767123288,8.34657534246575,8.55698630136986,13.9887671232877,8.45452054794521,3.03671232876712,3.38164383561644,9.63424657534247,9.01561643835616,0.57041095890411,5.4627397260274,30.9008219178082,10.0495890410959,58.1934246575342,184.345753424658,37.621095890411,1.22602739726027,1.72575342465753,9.73342465753425,1.93534246575342,28.941095890411,11.5975342465753,15.14,3.8586301369863,59.2394520547945,50.0016438356164,38.0065753424658,54.9383561643836,99.6846575342466,71.3619178082192,72.8172602739726,5.4441095890411,26.7969863013699,9.3758904109589
Brazil,221.340821917808,17.9701369863014,69.2646575342466,54.6032876712329,4.84,101.898904109589,41.9068493150685,8.21013698630137,29.3523287671233,37.6052054794521,36.912602739726,24.2895890410959,20.6980821917808,17.2854794520548,23.4715068493151,23.28,10.8920547945205,13.9876712328767,26.212602739726,37.1994520547945,9.51123287671233,42.76,94.3334246575342,36.892602739726,178.604657534247,560.401369863014,121.293150684932,7.39671232876712,7.30767123287671,42.1049315068493,14.6912328767123,106.696712328767,18.7942465753425,51.3495890410959,81.16,304.832602739726,436.698630136986,199.024657534247,151.792876712329,452.255342465753,292.205479452055,189.318082191781,14.9706849315069,83.5353424657534,54.6583561643836
Brunei,0.204383561643836,0.00712328767123288,17.706301369863,0.136712328767123,0.389041095890411,0.0526027397260274,0.132876712328767,0.00657534246575342,0.0194520547945205,3.41945205479452,0.102739726027397,2.73972602739726e-4,0.0189041095890411,0.0380821917808219,0.0441095890410959,0.0156164383561644,0.0106849315068493,0.0232876712328767,0.0227397260273973,0,0.208219178082192,0.0205479452054794,0.184931506849315,0.136438356164384,0.648219178082192,1.90301369863014,0.0676712328767123,0.214246575342466,0.385205479452055,0.112876712328767,0.0194520547945205,0.278356164383562,0.0865753424657534,0.596986301369863,0.0208219178082192,2.30191780821918,0.896712328767123,0.825479452054795,0.114246575342466,4.40191780821918,1.33397260273973,0.584931506849315,0.00328767123287671,0.0389041095890411,0.0284931506849315
Bulgaria,5.96931506849315,0.0419178082191781,0.843561643835616,2.01890410958904,0.0224657534246575,3.93315068493151,2.2986301369863,0.416164383561644,0.996712328767123,0.345753424657534,1.24630136986301,0.753424657534247,1.30712328767123,1.39260273972603,1.37452054794521,2.6386301369863,0.683561643835616,1.37315068493151,1.8627397260274,0.774794520547945,0.305205479452055,2.32191780821918,4.96575342465753,1.52684931506849,6.45890410958904,23.1627397260274,5.07041095890411,0.132054794520548,0.267671232876712,2.47123287671233,0.532876712328767,4.14575342465753,1.47561643835616,2.92054794520548,6.10219178082192,10.2920547945205,16.3520547945205,5.98876712328767,4.03315068493151,10.0654794520548,6.12876712328767,6.10849315068493,1.7758904109589,1.5027397260274,0.212054794520548
Cambodia,11.6561643835616,4.62438356164384,0,0.78027397260274,0.183835616438356,1.44109589041096,10.2479452054795,1.49205479452055,0.295068493150685,0.242465753424658,0.169041095890411,0.0975342465753425,0.272328767123288,0.133150684931507,0.441095890410959,0.318082191780822,0.538082191780822,0.216438356164384,0.281095890410959,0.601369863013699,0.127671232876712,0.316164383561644,0.180821917808219,0.252328767123288,5.04739726027397,5.64328767123288,1.66602739726027,0.246575342465753,0.242739726027397,0.945479452054795,0.393424657534247,2.83068493150685,0.363013698630137,1.14383561643836,0.225479452054794,1.02438356164384,2.36191780821918,0.712876712328767,0.524931506849315,0.891780821917808,0.920547945205479,1.56684931506849,0.601095890410959,0.881917808219178,0
China,2312.0002739726,263.224109589041,593.857808219178,247.312876712329,20.0109589041096,1123.99780821918,568.781369863014,139.090410958904,326.281095890411,448.461917808219,873.239178082192,329.761917808219,300.301369863014,936.145205479452,1147.89917808219,599.684383561644,703.186575342466,499.471232876712,665.702191780822,652.958904109589,124.885205479452,316.040821917808,859.942739726027,194.253698630137,2496.48301369863,3388.85890410959,1022.65945205479,85.0797260273973,107.598082191781,190.756164383562,131.493698630137,629.737260273973,109.369315068493,298.006575342466,687.896164383562,2691.54273972603,2463.31835616438,769.047945205479,1123.2898630137,1674.27452054795,1296.07589041096,787.242465753425,249.193150684931,593.016164383562,0
Croatia,4.36520547945205,0.406575342465753,0.187945205479452,0.281643835616438,0.203561643835616,4.97917808219178,1.11369863013699,0.889041095890411,0.98958904109589,1.75424657534247,0.441917808219178,1.20438356164384,0.818630136986301,1.19205479452055,0.202739726027397,2.42712328767123,0.826027397260274,0.937808219178082,0.923013698630137,0.276712328767123,0.300547945205479,1.65561643835616,3.62931506849315,1.81232876712329,7.08986301369863,16.8361643835616,3.22,0.588219178082192,0.159452054794521,1.86438356164384,0.72958904109589,9.01342465753425,1.24958904109589,2.57150684931507,2.85068493150685,8.50493150684932,12.8350684931507,8.16328767123288,3.46712328767123,7.58301369863014,6.82493150684932,6.90383561643836,2.77397260273973,2.29315068493151,0.0536986301369863
Cyprus,1.74161319478721,0.152179793719271,0.0184460356023359,0.0403507028801097,0.00922301780116794,1.3726924827405,0.0664825866500856,0.229806860212434,0.173700168588663,0.0195989128274819,0.109523336388869,0.557223992153896,0.119514939006801,0.501501592938507,0.074552727226107507,0.436171883513567,0.0899244235613874,0.0507265979064237,0.0991474413625554,0.0199832052358639,0.00653297094249396,0.605260543201646,1.13327831231851,0.651375632207486,5.00733008121743,9.0297187197518,0.768969109172377,2.43218665264966,0.0964573945038814,2.3630140191409,0.175237338222191,5.78321645374068,1.40113012096076,1.44609233274146,2.12129409426863,7.41184768046359,8.10357401555118,6.58792475689258,1.56407010211473,7.08904205742271,4.86629476734123,3.21153165684835,1.43955936179896,1.41458035525413,0.760130383779591
Ethiopia,68.3698375214808,0.23485514627428,0.0320758091867312,0.333187903934939,0.039607971633126,2.02772505731356,1.25049693610996,0.424020592915893,0.539235038685774,0.193585702810725,0.723325012457412,0.0936795959591933,0.291242347634677,0.696505426523267,0.364748768130544,0.714345160043318,0.863451500362052,0.714105217427043,1.58435909096049,0.265760441786265,0.744325989946888,1.31553338225131,0.223374313726802,1.32609091645652,45.2447035839245,27.2088310936167,4.40933067007024,0.141540533091802,0.175033507813924,2.25890131891725,0.0599655107089329,5.31768138592951,0.328262982981398,0.398679575031817,0.51323474411836,6.92780436680153,0.0619196491522583,3.91756733680323,3.96650268091971,9.45032384561892,7.5687449284368,2.40722487147575,0.197952623100498,2.16265108617647,2.5398296018435502
Rwanda,0.154715282981268,0.104064766138885,0,0.583393385930115,0,0.446009117817757,0.609635090137312,0.234312765723775,0.0414058649862832,0,0.0319598020092501,0.00535774718262546,0.0110608543752808,0.344099912695971,0.00574044340995585,0.0854999376182042,0,0,0,0,0,0.177916409491331,0.274352565275243,0.104064766138885,1.58304583641577,2.36826179910009,1.32106300303263,0.009530120370049,0.0118127839317374,0.133421685180686,0,0.498249486361936,0.212809716938886,0.149864217610695,0.0914268631473735,0.649616418927588,1.91416100140314,0.570779474882978,0.917662028679263,1.53889714775079,0.756834662828258,0.488789053076583,0.0568387864392323,0.471114483823258,0.850116511637296
Egypt,74.4813522902957,2.32565998354227,15.3788653553675,50.4633884245897,7.72419337739252,23.1143245749926,22.1985351325662,5.81648649688629,3.5937645580181,3.13235317941669,3.40587457756345,2.0369711232764,3.12979266389902,7.74935159683677,3.03249307422767,11.0121614212992,0.4887991711638,3.84433855127235,0.552941705460807,0.629530289869007,0.226978356585113,16.8391816845556,7.32861791282315,7.89044724242692,39.647452477994,91.7165192859322,50.8291169115869,0.460797370232583,0.644899816064689,3.6867062327202,1.08500359810173,16.246834880777,0.860672011227684,2.77419955227765,1.09399095939833,30.730156089423,4.58975787950299,44.7494781869962,20.2907404282564,49.2625435346612,12.3382027949643,15.2155255816676,0.719980054596974,3.99785914802236,1.10718361925266
India,1110.06273972603,78.1284931506849,89.9438356164383,31.1208219178082,35.1528767123288,126.125479452055,143.095890410959,17.3232876712329,27.8243835616438,81.8246575342466,98.7189041095891,76.1101369863014,44.1791780821918,72.1032876712329,89.1764383561644,47.1353424657534,27.5638356164384,39.672602739726,74.313698630137,86.3427397260274,37.2331506849315,42.4635616438356,153.253424657534,35.0172602739726,540.053424657534,747.510136986301,262.382191780822,3.96301369863014,10.2561643835616,55.9767123287671,14.8578082191781,68.478904109589,29.4106849315068,63.4904109589041,302.647671232877,374.672328767123,492.841095890411,26.9345205479452,251.05397260274,425.057534246575,283.455342465753,116.08,20.161095890411,125.594794520548,11.5923287671233
Indonesia,291.499178082192,74.2572602739726,141.488767123288,77.4008219178082,11.8219178082192,152.688493150685,58.2369863013699,13.6761643835616,25.1780821917808,56.6024657534247,36.56,4.26575342465753,15.7838356164384,15.8695890410959,21.7613698630137,45.5035616438356,18.1682191780822,15.4915068493151,8.27150684931507,46.7249315068493,18.5761643835616,13.7953424657534,33.9895890410959,1.92876712328767,300.620273972603,371.724383561644,72.6241095890411,12.1797260273973,47.9964383561644,16.7123287671233,4.01068493150685,79.4145205479452,19.3076712328767,74.3372602739726,13.9068493150685,118.592602739726,78.1260273972603,9.01753424657534,42.6032876712329,104.298082191781,92.6942465753425,30.4147945205479,13.2753424657534,28.1046575342466,10.3101369863014
Hong Kong,0.492602739726027,0.083013698630137,0,0,0.209041095890411,7.05068493150685,0.726575342465753,0.585205479452055,0.364657534246575,0.0967123287671233,0.104109589041096,0.0627397260273973,0,0.136986301369863,0.0772602739726027,0.207123287671233,0.141643835616438,0.124109589041096,0.129315068493151,0.118904109589041,0.0558904109589041,0.252054794520548,6.41616438356164,5.54465753424658,42.4487671232877,202.638082191781,18.1449315068493,6.48465753424658,26.4583561643836,1.6627397260274,3.0758904109589,32.2490410958904,5.97972602739726,17.2923287671233,11.2098630136986,188.552328767123,143.796164383562,45.1361643835616,9.74821917808219,58.0687671232877,42.5586301369863,40.4471232876712,7.24547945205479,14.9112328767123,12.7808219178082
Kazakhstan,20.7180821917808,0.880547945205479,61.6424657534247,13.4032876712329,3.06520547945205,12.3758904109589,0.584109589041096,0.115616438356164,0.575616438356164,4.55753424657534,1.87671232876712,1.3186301369863,0.851780821917808,2.76821917808219,19.8084931506849,1.14246575342466,0.11013698630137,0.664931506849315,0.641643835616438,0.844383561643835,0.404109589041096,2.56054794520548,7.91150684931507,1.24054794520548,26.1164383561644,82.3931506849315,31.1882191780822,0.188767123287671,1.93232876712329,6.49917808219178,0.452054794520548,5.59424657534247,1.53369863013699,6.15945205479452,1.70712328767123,16.2775342465753,38.1,21.8008219178082,10.9002739726027,7.42356164383562,13.1734246575342,9.32109589041096,3.5772602739726,13.9016438356164,0.349315068493151
Laos,8.31260273972603,1.37972602739726,0.356164383561644,3.06602739726027,0.0616438356164384,0.861369863013699,0.626301369863014,0.453972602739726,0.0106849315068493,0.180547945205479,0.0863013698630137,0.0567123287671233,0.0276712328767123,0.393972602739726,1.11917808219178,0.144657534246575,0.016986301369863,0.010958904109589,5.47945205479452e-4,0.00465753424657534,0.00164383561643836,0.303013698630137,2.83041095890411,0.123287671232877,3.08958904109589,6.18191780821918,0.766027397260274,0.00849315068493151,0.11013698630137,0.0136986301369863,0.137808219178082,1.15835616438356,0.1,0.678356164383562,0.102465753424658,1.73369863013699,2.38767123287671,0.369041095890411,0.174246575342466,4.49041095890411,0.664931506849315,0.193424657534247,0.196438356164384,0.517808219178082,0.20027397260274
Malaysia,69.8169863013699,7.50191780821918,81.4298630136986,4.42547945205479,8.03917808219178,21.8734246575342,4.2772602739726,3.9758904109589,6.6813698630137,26.5564383561644,19.8358904109589,1.19260273972603,8.92027397260274,6.54301369863014,5.82958904109589,8.6041095890411,45.7402739726027,4.8213698630137,5.42931506849315,6.83698630136986,3.51479452054795,6.44657534246575,19.127397260274,5.13424657534247,33.1887671232877,136.664383561644,8.44739726027397,4.86356164383562,4.46356164383562,11.9104109589041,1.37616438356164,24.8150684931507,4.83260273972603,24.7813698630137,11.9016438356164,64.6515068493151,31.0854794520548,17.7961643835616,8.17643835616438,42.2558904109589,34.3520547945205,13.6742465753425,6.48684931506849,2.31917808219178,99.9383561643836
Malta,0.251780821917808,0.0961643835616438,0.0197260273972603,0.043013698630137,0.0191780821917808,0.512328767123288,0.0438356164383562,0.0276712328767123,0.241917808219178,2.73972602739726e-4,0.036986301369863,0.0931506849315069,0.226575342465753,0.122191780821918,0.00191780821917808,0.147397260273973,0.456712328767123,0.0556164383561644,0.0263013698630137,0.00712328767123288,0.198082191780822,0.753972602739726,0.285753424657534,0.272054794520548,1.27287671232877,3.46931506849315,0.261095890410959,0.106849315068493,0.2,1.53452054794521,0.111232876712329,1.77506849315068,0.249041095890411,0.757260273972603,1.36191780821918,2.07616438356164,1.78767123287671,2.81671232876712,2.43150684931507,1.93890410958904,1.89013698630137,2.04054794520548,4.86739726027397,0.317260273972603,0.0756164383561644
Morocco,37.4397260273973,3.04657534246575,0.0610958904109589,6.8613698630137,1.36301369863014,19.5287671232877,4.98328767123288,0.475068493150685,1.12493150684932,8.21917808219178e-4,6.92602739726027,2.70657534246575,0.183835616438356,3.79150684931507,1.99534246575342,1.94082191780822,0.321369863013699,3.37397260273973,0.206027397260274,2.21972602739726,0.635068493150685,1.72986301369863,7.50054794520548,1.32219178082192,16.0421917808219,25.4309589041096,6.09698630136986,0.905479452054795,0.862739726027397,3.33315068493151,1.3641095890411,6.78931506849315,0.767945205479452,5.1558904109589,3.23232876712329,13.7452054794521,14.4895890410959,8.87917808219178,4.61643835616438,27.261095890411,22.5794520547945,10.1,0.901917808219178,1.38794520547945,1.24
Myanmar,65.6328767123288,13.0301369863014,5.66027397260274,2.10794520547945,0.0553424657534247,9.32821917808219,7.01890410958904,1.0358904109589,1.02958904109589,1.70356164383562,1.26986301369863,0.742191780821918,0.837808219178082,1.37917808219178,1.31315068493151,1.14520547945205,1.04986301369863,0.672054794520548,0.970958904109589,1.33972602739726,0.33972602739726,1.91698630136986,0.925205479452055,0.211232876712329,6.94520547945205,15.6405479452055,3.88739726027397,1.4813698630137,1.11452054794521,1.35342465753425,0.238356164383562,4.56657534246575,0.851232876712329,3.55917808219178,0.581095890410959,4.15095890410959,5.36191780821918,3.08219178082192,2.0186301369863,6.00849315068493,3.64328767123288,4.39917808219178,0.744109589041096,1.26191780821918,0
Peru,38.8684931506849,2.68191780821918,15.4728767123288,35.4920547945205,2.33917808219178,21.3865753424658,8.57643835616438,1.77342465753425,5.38986301369863,6.32,5.35123287671233,1.1841095890411,3.32383561643836,7.0827397260274,6.68958904109589,4.78328767123288,0.203561643835616,0.956986301369863,2.48493150684931,0.848767123287671,1.39397260273973,7.49315068493151,9.09945205479452,2.38520547945205,43.5693150684932,65.3309589041096,25.3983561643836,0.657808219178082,1.82383561643836,7.57890410958904,0.737260273972603,25.7424657534247,3.24684931506849,8.39013698630137,1.68657534246575,29.787397260274,24.7545205479452,14.5449315068493,15.9120547945205,33.5517808219178,28.8550684931507,16.6835616438356,3.44657534246575,10.1775342465753,2.55561643835616
Philippines,100.151780821918,15.6375342465753,3.98356164383562,6.34904109589041,0.621643835616438,84.5501369863014,12.6780821917808,2.03342465753425,2.40438356164384,10.3356164383562,7.65835616438356,1.34794520547945,2.5172602739726,4.19753424657534,3.7186301369863,2.54712328767123,30.2553424657534,7.66794520547945,2.03917808219178,3.45150684931507,1.88246575342466,4.25041095890411,37.4515068493151,4.05013698630137,32.9915068493151,126.021643835616,19.4041095890411,2.75178082191781,3.94356164383562,5.35397260273973,0.60986301369863,24.8482191780822,4.02520547945205,15.0208219178082,12.2920547945205,65.4693150684931,45.3972602739726,7.29561643835616,25.6734246575342,34.0216438356164,30.9901369863014,8.67315068493151,10.9115068493151,17.2747945205479,0
Romania,28.1016438356164,0.74,4.17972602739726,0.386301369863014,0.411232876712329,30.3942465753425,10.2967123287671,3.60931506849315,2.82986301369863,7.07561643835616,3.46082191780822,0.767671232876712,5.53561643835617,4.49369863013699,5.22191780821918,6.15315068493151,3.3158904109589,6.94,5.71780821917808,16.3465753424658,2.74767123287671,8.93945205479452,16.7849315068493,5.19260273972603,36.321095890411,65.9841095890411,29.8520547945205,1.23890410958904,0.60958904109589,7.75616438356164,1.47534246575342,12.6646575342466,5.5813698630137,8.14986301369863,21.8758904109589,16.4484931506849,49.5309589041096,33.9142465753425,16.9967123287671,36.7638356164384,23.2471232876712,28.7169863013699,9.50876712328767,8.05150684931507,3.96958904109589
Russia,142.768219178082,11.4945205479452,462.793698630137,52.4791780821918,27.2065753424657,82.04,10.0041095890411,11.0002739726027,18.6876712328767,124.70602739726,43.6786301369863,10.2567123287671,10.7495890410959,22.0093150684931,103.655890410959,31.0547945205479,22.9161643835616,10.3635616438356,15.2512328767123,16.3635616438356,33.972602739726,29.2441095890411,108.53095890411,20.7254794520548,233.5,566.254520547945,168.278356164384,4.92438356164384,13.406301369863,74.6912328767123,7.24027397260274,35.1246575342466,13.7128767123288,41.3260273972603,46.3060273972603,176.113424657534,385.22,167.789589041096,93.1041095890411,303.052602739726,128.478904109589,135.184383561644,39.3065753424658,23.4608219178082,26.0945205479452
Saudi Arabia,46.3608219178082,0.755068493150685,621.688219178082,9.55315068493151,2.58876712328767,37.6964383561644,7.74821917808219,2.66054794520548,10.3975342465753,72.1580821917808,65.7183561643836,0.967123287671233,6.96931506849315,13.7515068493151,11.5657534246575,14.0419178082192,0.309315068493151,9.66465753424658,4.57232876712329,2.36684931506849,0.916164383561644,9.80958904109589,30.786301369863,4.59260273972603,108.793698630137,166.064657534247,14.1830136986301,1.98328767123288,16.4452054794521,14.6608219178082,0.836438356164384,21.2994520547945,2.26054794520548,70.0309589041096,2.3372602739726,76.6309589041096,145.605479452055,17.4756164383562,31.881095890411,195.475890410959,132.939726027397,69.3156164383562,13.8449315068493,23.0841095890411,8.0786301369863
Singapore,0.306301369863014,0.20958904109589,0,0,0,8.55698630136986,1.06876712328767,0.345753424657534,2.95342465753425,8.94109589041096,43.8772602739726,14.9172602739726,1.80630136986301,0.87972602739726,1.08602739726027,4.19780821917808,44.7953424657534,2.06630136986301,17.1515068493151,1.02465753424658,16.0780821917808,11.0120547945205,8.03013698630137,4.25534246575343,45.9553424657534,176.96602739726,12.6156164383562,12.5109589041096,9.73643835616439,28.12,1.74767123287671,21.4093150684931,7.00821917808219,12.6,20.9769863013699,120.848493150685,81.4013698630137,57.7679452054795,56.2304109589041,27.052602739726,32.446301369863,25.7139726027397,10.4232876712329,6.97369863013699,6.58191780821918
South Africa,18.9457534246575,1.94246575342466,13.7112328767123,38.913698630137,0.785205479452055,25.6432876712329,4.98958904109589,2.08246575342466,7.79095890410959,13.6553424657534,9.52821917808219,2.13123287671233,3.2158904109589,3.76328767123288,7.14520547945206,6.30876712328767,1.55342465753425,3.09534246575342,8.40767123287671,8.85260273972603,1.61068493150685,2.34054794520548,20.2043835616438,11.4117808219178,22.8350684931507,99.466301369863,26.06,0.65041095890411,3.99452054794521,11.406301369863,1.89561643835616,10.4197260273973,4.08465753424658,20.6564383561644,11.4032876712329,64.7794520547945,66.4287671232877,37.8178082191781,25.9421917808219,79.598904109589,65.0090410958904,45.787397260274,6.04575342465753,3.23671232876712,73.1997260273973
Taiwan,24.2320547945206,4.0758904109589,0.931506849315068,1.79972602739726,0.957534246575342,22.0915068493151,14.0827397260274,1.19945205479452,9.45753424657534,16.4772602739726,39.2238356164384,3.90493150684931,16.567397260274,9.73068493150685,28.1835616438356,28.9775342465753,215.185753424658,14.3786301369863,25.2408219178082,12.3802739726027,9.47068493150685,7.05698630136986,18.5471232876712,9.81232876712329,39.0717808219178,281.56301369863,21.0534246575342,2.91287671232877,7.68547945205479,14.807397260274,3.56438356164384,38.5383561643836,11.0994520547945,23.8616438356164,16.0693150684932,107.518356164384,133.430136986301,35.6035616438356,24.653698630137,106.633424657534,68.5490410958904,48.4430136986301,13.4723287671233,29.1904109589041,10.5402739726027
Thailand,103.588219178082,11.5197260273973,24.9460273972603,5.73972602739726,2.04630136986301,59.7556164383562,37.4079452054794,3.50301369863014,7.30684931506849,10.1186301369863,27.0567123287671,3.58876712328767,16.2394520547945,13.841095890411,8.2372602739726,9.43890410958904,46.312602739726,11.0739726027397,11.5276712328767,21.3586301369863,6.06931506849315,22.9660273972603,52.8895890410959,6.7427397260274,27.6180821917808,259.150410958904,22.4854794520548,13.0024657534247,8.18027397260274,1.5772602739726,5.66657534246575,41.2252054794521,7.34027397260274,16.8838356164384,4.56520547945206,78.387397260274,37.4205479452055,11.5150684931507,14.332602739726,80.7416438356164,56.3649315068493,22.9271232876712,3.47945205479452,9.53917808219178,7.91808219178082
Tunisia,9.44383561643836,1.76986301369863,2.98328767123288,0.413150684931507,0.266849315068493,3.2227397260274,3.84575342465753,0.323561643835616,0.466575342465753,0.0301369863013699,0.812876712328767,0.553150684931507,0.249315068493151,1.27972602739726,0.22027397260274,1.34520547945205,0.962739726027397,0.475890410958904,1.07643835616438,0.781095890410959,0.171232876712329,0.646027397260274,0.447397260273973,0.335616438356164,4.19123287671233,11.0334246575342,4.45424657534247,0.367671232876712,0.452602739726027,2.1786301369863,0.829041095890411,5.10109589041096,0.454246575342466,3.36,1.00821917808219,4.66739726027397,6.4027397260274,2.72301369863014,1.69835616438356,18.4682191780822,0.26986301369863003,0.231232876712329,0.163835616438356,0.213698630136986,0.372602739726027
Vietnam,80.1364383561644,16.4438356164384,42.6243835616438,2.66082191780822,0.61945205479452,29.6019178082192,45.6753424657534,2.75643835616438,5.07452054794521,4.20958904109589,8.57150684931507,2.71808219178082,8.23205479452055,13.2183561643836,8.32191780821918,8.94794520547945,13.3838356164384,13.6227397260274,2.80027397260274,4.53369863013699,4.07150684931507,15.2090410958904,17.8698630136986,3.05095890410959,32.98,61.3008219178082,9.32520547945205,2.4841095890411,2.39890410958904,7.84794520547945,1.26438356164384,18.7224657534247,1.91506849315069,6.38958904109589,2.08383561643836,19.8131506849315,20.0569863013699,13.1175342465753,3.80246575342466,15.8561643835616,19.3290410958904,6.69041095890411,5.91342465753425,3.69616438356164,0.685753424657534
